id,firstName,lastName,findName,jobTitle,gender,prefix,suffix,title,jobDescriptor,jobArea,jobType,avatar,email,exampleEmail,userName,color,mac,fileName,commonFileName,mimeType,commonFileType,commonFileExt,fileType,fileExt,directoryPath,filePath,semver,account,accountName,routingNumber,mask,transactionType,currencyCode,currencyName,creditCardCVV
1,Karlie,Jacobson,Irvin Schuster,Lead Marketing Assistant,Androgynes,Miss,DDS,Global Infrastructure Director,Forward,Research,Designer,https://s3.amazonaws.com/uifaces/faces/twitter/jehnglynn/128.jpg,Rickie92@hotmail.com,Ola_Gerhold51@example.com,Stanton.Fisher75,#560615,e1:da:18:ae:8c:f3,leading_edge.xlt,of_exploit_communications.mp4v,audio/raptorfec,application,wav,x-conference,ots,/usr/include,/sys/bluetooth_circuit.jisp,6.1.9,38587536,Money Market Account,399929708,5227,payment,SYP,Hong Kong Dollar,342
2,Jay,Erdman,Delia Stokes,Regional Infrastructure Facilitator,Trans Male,Dr.,DVM,Dynamic Program Analyst,Lead,Communications,Liaison,https://s3.amazonaws.com/uifaces/faces/twitter/romanbulah/128.jpg,Dylan2@gmail.com,Gavin42@example.com,Kelsie_Bergstrom52,#3f7957,e4:46:50:e1:53:17,benchmark_embrace.scs,manager.jpg,application/cfw,image,mp3,text,metalink,/System,/private/market_producer.kon,5.2.3,90992213,Home Loan Account,244022831,0134,invoice,HNL,Bahamian Dollar,996
3,Nia,Morar,Marc Hudson,Lead Infrastructure Architect,Intersex person,Mr.,DDS,Investor Intranet Coordinator,Central,Data,Specialist,https://s3.amazonaws.com/uifaces/faces/twitter/stevedesigner/128.jpg,Raoul_Tremblay@hotmail.com,Brennon.West18@example.net,Giovanny.Lockman,#081a4c,7d:f0:ad:56:51:02,json.rmvb,directional.htm,application/vnd.etsi.iptvsad-cod+xml,text,jpe,x-shader,wbxml,/etc/namedb,/etc/russian_xss.aas,9.7.6,50654059,Personal Loan Account,752507505,3190,withdrawal,WST,Danish Krone,561
4,Petra,Swaniawski,Brendan Dibbert,Legacy Interactions Architect,T* man,Mrs.,Sr.,Senior Marketing Representative,Investor,Program,Orchestrator,https://s3.amazonaws.com/uifaces/faces/twitter/ma_tiax/128.jpg,Ida.Reinger@yahoo.com,Lottie66@example.com,Diego.Bergnaum,#73507c,08:ee:bd:1e:6d:7c,(customarily_analyst.stl,nuevo.mp4,application/vnd.dvb.ait,image,mpe,image,ifm,/Library,/etc/firewall.docm,7.0.9,93956149,Credit Card Account,804054728,8756,deposit,HRK,Sri Lanka Rupee,853
5,Jarret,Stiedemann,Albert Kiehn,National Division Producer,Male to female trans woman,Dr.,V,Human Division Specialist,Internal,Optimization,Supervisor,https://s3.amazonaws.com/uifaces/faces/twitter/vm_f/128.jpg,Idell35@yahoo.com,Patience_Hills95@example.org,Eldora89,#772954,8c:47:87:ec:ba:fb,islands.wgt,customizable_bypassing_process.wav,application/vnd.easykaraoke.cdgdownload,application,png,application,gim,/etc/periodic,/sys/user_centric_soft_synthesizing.mseq,3.0.2,00835980,Investment Account,978252634,8292,deposit,CLP,Dominican Peso,869
6,Daisy,Padberg,Teri Nolan I,Central Solutions Facilitator,Two* person,Mr.,Jr.,Forward Integration Consultant,Global,Creative,Engineer,https://s3.amazonaws.com/uifaces/faces/twitter/robbschiller/128.jpg,Bethany44@yahoo.com,Missouri28@example.com,Andre.Mosciski97,#3c1146,48:fd:7f:39:33:73,uruguay_practical.tar,auto_mobility.mpe,audio/ac3,audio,png,x-shader,wvx,/usr/libdata,/sys/michigan_gorgeous_officer.uvi,1.3.7,08462000,Checking Account,969181866,0855,payment,CZK,European Unit of Account 9(E.U.A.-9),214
7,Dudley,Brekke,Miguel Reinger,Dynamic Branding Facilitator,Transexual,Dr.,DVM,Central Identity Associate,Principal,Configuration,Liaison,https://s3.amazonaws.com/uifaces/faces/twitter/necodymiconer/128.jpg,Barbara27@yahoo.com,Mitchel.Lesch25@example.com,Kim_Nitzsche,#1e0634,b0:7b:cc:53:c9:0e,extensible.acutc,grid_enabled_parse.png,application/vnd.sealed.mht,video,htm,x-shader,otc,/usr/bin,/private/var/steel.onetoc2,5.5.7,79339898,Investment Account,148860209,8942,payment,PLN,Pa'anga,298
8,Alden,Anderson,Bill Hayes III,Legacy Implementation Director,Cis Male,Miss,II,Forward Operations Consultant,Future,Implementation,Specialist,https://s3.amazonaws.com/uifaces/faces/twitter/salvafc/128.jpg,Bryon_Fritsch@hotmail.com,Furman.Marquardt@example.net,Jayson80,#386008,01:f0:12:da:a7:9b,digital_transparent_pizza.obj,forges_berkshire_berkshire.mp4v,application/vnd.ms-excel,application,png,model,pl,/var/yp,/var/tmp/monitor.gqf,6.1.6,93310604,Savings Account,380297672,4946,payment,GEL,Cape Verde Escudo,856
9,Nora,Konopelski,Bernadette Hudson,Lead Implementation Analyst,Gender neutral,Ms.,DVM,Future Web Engineer,Global,Security,Coordinator,https://s3.amazonaws.com/uifaces/faces/twitter/webtanya/128.jpg,Madison.Wilderman94@gmail.com,Brett_Ortiz84@example.com,Dimitri.Wyman,#6c0b29,d0:35:e2:3d:f3:61,compressing.arc,benin_plum_seamless.jpe,video/rtp-enc-aescm128,image,jpeg,x-shader,lbd,/tmp,/bin/borders_incredible_parse.msl,8.8.0,24922725,Investment Account,977978087,4014,invoice,SDG,Cayman Islands Dollar,902
10,Meggie,Jerde,Sam Pacocha,Forward Configuration Planner,Hermaphrodite,Mr.,I,Human Brand Consultant,Lead,Directives,Facilitator,https://s3.amazonaws.com/uifaces/faces/twitter/mahdif/128.jpg,Toney5@yahoo.com,Efren.Zulauf84@example.com,Rosanna.Schmeler83,#4e016c,8c:ca:cb:04:f3:2a,account_directives.fh4,licensed_ball_green.pdf,application/vnd.ms-windows.nwprinting.oob,application,mpg,video,qwt,/selinux,/opt/share/productivity_maryland_robust.kne,2.7.5,60195461,Investment Account,687123601,6592,payment,MRO,Netherlands Antillian Guilder,416
11,Felix,Roberts,Ms. Edmond Schamberger,Internal Integration Associate,Intersex woman,Mrs.,II,Senior Paradigm Developer,Legacy,Intranet,Administrator,https://s3.amazonaws.com/uifaces/faces/twitter/sokaniwaal/128.jpg,Dillan48@yahoo.com,Esteban91@example.org,Jaclyn50,#032e09,5e:7f:90:fb:92:d0,tennessee_workforce_payment.vsd,hdd.pdf,text/vnd.sun.j2me.app-descriptor,text,m2v,x-shader,ami,/usr/obj,/usr/libexec/parsing.sru,0.2.8,64652701,Credit Card Account,392471198,2816,invoice,MYR,East Caribbean Dollar,393
12,Aurelia,Willms,Edward Steuber,Future Metrics Liaison,Transexual Woman,Ms.,MD,Global Identity Engineer,Corporate,Implementation,Designer,https://s3.amazonaws.com/uifaces/faces/twitter/teylorfeliz/128.jpg,Amy_Schuppe@gmail.com,Name_Crooks51@example.net,Elwin_Mueller0,#18087f,44:ea:de:2d:6a:a9,account_executive.rq,value_added_regional_maroon.jpeg,audio/vnd.lucent.voice,application,htm,x-conference,z4,/private/var,/usr/bin/balanced_identity_initiative.nnd,4.7.7,22383080,Savings Account,699556923,4302,deposit,MUR,Trinidad and Tobago Dollar,568
13,Vicky,Wyman,Blanca Mayert,District Branding Engineer,Neutrois,Miss,III,Product Assurance Coordinator,Human,Metrics,Specialist,https://s3.amazonaws.com/uifaces/faces/twitter/christianoliff/128.jpg,Audra.Hirthe@hotmail.com,Rory.Kshlerin@example.org,Maddison86,#035172,1b:37:08:b3:28:63,account_green.otf,arizona_bus.m2v,application/xenc+xml,text,htm,multipart,aiff,/lost+found,/usr/X11R6/card_supply_chains.epub,1.9.8,28902887,Auto Loan Account,079683319,1146,deposit,SZL,Bolivar Fuerte,869
14,Marge,Stokes,Erma Spinka,Internal Solutions Specialist,Cisgender Female,Mrs.,III,Legacy Branding Architect,Future,Directives,Designer,https://s3.amazonaws.com/uifaces/faces/twitter/josemarques/128.jpg,Levi15@yahoo.com,Kaylin_Zemlak@example.net,Kirstin.Herzog24,#80043a,20:f3:d5:27:d8:fe,somalia_borders.m4u,home_ssl_plastic.mpg4,application/vnd.hp-hpid,audio,shtml,audio,wvx,/etc/mail,/usr/sbin/quantify.tmo,1.7.3,33950023,Credit Card Account,261368468,4286,deposit,CZK,Sudanese Pound,507
15,Felicia,Bergnaum,Kristi Frami,Product Integration Manager,F2M,Mr.,IV,Human Web Supervisor,Future,Assurance,Coordinator,https://s3.amazonaws.com/uifaces/faces/twitter/themrdave/128.jpg,Burdette_Wunsch@yahoo.com,Kennedy_Nikolaus@example.org,Peyton_Beer93,#122152,1d:c6:3f:03:19:d3,yellow_metal_deposit.pcap,account.jpeg,application/marcxml+xml,audio,m3a,chemical,mie,/etc/namedb,/usr/lib/fresh.mp4v,4.9.9,35698717,Auto Loan Account,812997110,3282,payment,CRC,Uzbekistan Sum,442
16,Leopoldo,Hettinger,Benny Koelpin,Investor Data Liaison,Transmasculine,Mrs.,I,Corporate Functionality Consultant,Product,Security,Producer,https://s3.amazonaws.com/uifaces/faces/twitter/_dwite_/128.jpg,Jennyfer_Wisozk@hotmail.com,Dave40@example.com,Vince_Mraz58,#26611b,a4:a2:6b:1f:16:8d,bypassing_adapter_bike.uvvi,archive_thx_e_tailers.png,application/vnd.webturbo,application,html,x-shader,install,/private,/var/spool/program_future_proofed.mxf,5.4.3,70243681,Checking Account,887422513,6004,deposit,XCD,Euro,134
17,Reed,Bernier,Gary Hagenes,Lead Markets Executive,Trans,Miss,IV,Human Optimization Designer,Dynamic,Mobility,Specialist,https://s3.amazonaws.com/uifaces/faces/twitter/myastro/128.jpg,Candido_Ankunding71@hotmail.com,Arely27@example.org,Alan.Pouros,#4d2b1e,2b:43:53:29:f0:fb,gb_redefine_incredible.rq,liaison_ruble_market.jpe,image/vnd.fujixerox.edmics-mmr,application,m1v,message,hvs,/lost+found,/var/tmp/alabama.xpl,9.2.8,88105844,Money Market Account,127574493,8343,payment,EUR,Rial Omani,006
18,Brenda,Hilll,Rachel Breitenberg,Human Markets Architect,Bigender,Mrs.,Sr.,Dynamic Quality Administrator,National,Data,Manager,https://s3.amazonaws.com/uifaces/faces/twitter/weglov/128.jpg,Reta_Armstrong41@yahoo.com,Lisandro.Haag90@example.com,Dale40,#263970,4f:62:a3:13:86:e6,synergy_mobile_creek.mmd,guinea_infrastructure.jpe,application/vnd.openxmlformats-officedocument.drawingml.diagramstyle+xml,text,wav,text,qps,/etc/mail,/usr/lib/revolutionary_function.tfi,6.0.1,30391528,Home Loan Account,326785504,1542,deposit,MMK,Colombian Peso,587
19,Javonte,Ankunding,Oliver Carter,Principal Brand Architect,Cisgender Man,Miss,PhD,Global Paradigm Technician,Future,Identity,Facilitator,https://s3.amazonaws.com/uifaces/faces/twitter/plbabin/128.jpg,Julian_McDermott@yahoo.com,Ned.Baumbach@example.net,Rowan_Weber,#307f43,a9:28:6d:ce:c9:bf,help_desk_internet.z6,plug_and_play_loan_bypass.wav,text/vnd.trolltech.linguist,text,gif,text,gslides,/usr/bin,/private/tmp/small_invoice_matrix.mag,3.4.0,40475721,Savings Account,371954584,6350,deposit,SGD,Jordanian Dinar,765
20,Emery,Stiedemann,Edgar Waelchi,Global Functionality Designer,M2F,Mr.,II,National Communications Architect,Legacy,Infrastructure,Orchestrator,https://s3.amazonaws.com/uifaces/faces/twitter/juamperro/128.jpg,Ashtyn11@yahoo.com,Dannie_Farrell47@example.org,Luz.Kulas87,#0a6e5b,b9:cd:3e:f2:14:d8,incredible_chicken.stc,bypass.jpeg,audio/aptx,application,gif,video,wmlc,/usr/libdata,/boot/mauritania_secured_sas.crd,8.7.4,31466061,Investment Account,857938930,6275,withdrawal,HNL,Kina,383
21,Abraham,Brekke,Emily Jaskolski,Direct Response Architect,Transgender Female,Miss,DVM,International Communications Designer,Human,Tactics,Executive,https://s3.amazonaws.com/uifaces/faces/twitter/jmfsocial/128.jpg,Franz.Schaefer@yahoo.com,Velma_Thiel58@example.com,Janae.Bahringer43,#145965,21:69:35:3b:a9:6e,total.cat,intuitive_land.mpg,application/applixware,video,jpe,x-shader,xml,/usr/local/src,/net/manager.qwt,8.6.5,43994574,Auto Loan Account,254201804,8528,deposit,XAF,Lebanese Pound,768
22,Justina,Lynch,Dr. Bobby Yost,Central Mobility Administrator,Intersex man,Miss,Sr.,Internal Communications Associate,Dynamic,Applications,Architect,https://s3.amazonaws.com/uifaces/faces/twitter/slowspock/128.jpg,Rowan.OKon@yahoo.com,Kody_Lowe50@example.org,Holly.Ritchie,#660425,0a:c3:f1:4f:55:39,deposit_synergized.spl,auxiliary_intuitive.png,application/vnd.crick.clicker.wordbank,text,gif,video,odt,/mnt,/rescue/indigo_balboa.spp,4.8.0,79528001,Personal Loan Account,403623602,5572,payment,USD,US Dollar,474
23,Bennie,Mayer,Carl Weber,Global Accountability Developer,Cis,Miss,DVM,Regional Metrics Planner,Legacy,Configuration,Strategist,https://s3.amazonaws.com/uifaces/faces/twitter/oksanafrewer/128.jpg,Viva_Lueilwitz93@gmail.com,Geovanni_Rohan29@example.com,Rolando.Gutkowski,#053032,ff:34:6c:3b:ea:a4,content_based_rustic_database.rdf,xss_future_berkshire.png,application/oxps,text,gif,x-shader,pgm,/etc/mail,/dev/override_ball.tcl,3.4.5,85138432,Money Market Account,737495373,7713,deposit,AMD,Pakistan Rupee,122
24,Eda,Goodwin,Corey Hilll,Dynamic Markets Producer,Other,Mr.,Sr.,Forward Program Representative,Forward,Integration,Facilitator,https://s3.amazonaws.com/uifaces/faces/twitter/YoungCutlass/128.jpg,Lavon9@gmail.com,Jordi47@example.org,Alysson.Bechtelar38,#01481b,14:c8:bb:96:6d:61,eyeballs_pennsylvania_deliverables.cml,applications.mpe,application/vnd.powerbuilder75,image,jpe,image,cmdf,/Users,/opt/bin/programming.msi,8.5.7,43004621,Checking Account,409967278,1587,payment,MXN,Congolese Franc,770
25,Madie,Moore,Sylvia Barrows,Chief Integration Developer,Transgender Female,Ms.,DVM,International Program Associate,Global,Factors,Assistant,https://s3.amazonaws.com/uifaces/faces/twitter/peachananr/128.jpg,Peggie.Bayer15@hotmail.com,Angel12@example.com,Serenity_Beahan,#201b4b,ba:cf:b7:0c:00:7b,virginia_factors.msm,clicks_and_mortar.gif,application/pgp-signature,application,gif,font,xaml,/usr/share,/opt/sbin/guinea_uganda_indexing.igl,2.1.5,38133250,Checking Account,987689560,9447,withdrawal,COP,Lempira,978
26,Harley,Boehm,Camille Bergstrom,Forward Configuration Developer,Trans*Person,Mr.,DVM,Forward Accounts Architect,Legacy,Tactics,Agent,https://s3.amazonaws.com/uifaces/faces/twitter/millinet/128.jpg,Cordie.Langosh@yahoo.com,Cory60@example.com,Alexane56,#791e79,d2:a6:31:16:0d:a6,missouri.sgm,reboot_bus.html,application/xproc+xml,text,gif,model,rnc,/etc/defaults,/proc/centralized_circles_orchid.c4u,6.7.7,32629581,Investment Account,446479800,2946,payment,HKD,Leone,382
27,Fleta,Hagenes,Aaron Schuppe,Direct Intranet Producer,F2M,Mrs.,MD,Corporate Applications Specialist,Forward,Security,Engineer,https://s3.amazonaws.com/uifaces/faces/twitter/atanism/128.jpg,Martina.Jerde@gmail.com,Kelton_Hudson14@example.com,Edgar13,#140f7e,4c:de:cd:c4:f5:84,sausages.ecelp7470,multi_channelled_compress.jpeg,application/vnd.openxmlformats-officedocument.spreadsheetml.calcchain+xml,audio,pdf,x-shader,asx,/rescue,/var/account_crest.asx,1.6.7,30575731,Home Loan Account,400807227,8202,withdrawal,SLL,Rial Omani,806
28,Issac,Cremin,Rosemarie Schmitt,District Group Manager,Androgynes,Ms.,DVM,Direct Quality Orchestrator,Forward,Factors,Consultant,https://s3.amazonaws.com/uifaces/faces/twitter/buzzusborne/128.jpg,Alessia18@yahoo.com,Manley_DAmore63@example.org,Karli99,#412f0e,07:02:7f:dc:08:1d,industrial_connecting.see,frictionless_synergistic_mills.jpg,application/xslt+xml,audio,wav,font,gbr,/lib,/lost+found/sticky.cbr,0.7.5,01863248,Credit Card Account,101819996,5267,withdrawal,PHP,Metical,389
29,Rhianna,Ryan,Gwendolyn Goodwin,Product Marketing Director,Trans Person,Ms.,DDS,Dynamic Metrics Specialist,Forward,Applications,Producer,https://s3.amazonaws.com/uifaces/faces/twitter/kurtinc/128.jpg,Chyna70@yahoo.com,Jeffrey9@example.org,Ruben79,#1d314f,ec:c0:e0:4f:bf:64,pizza.apk,solution_oriented_bypassing_gardens.shtml,application/x-hdf,audio,jpe,text,n3,/usr/include,/usr/src/turkey_ball_e_business.sub,2.2.3,72205947,Checking Account,809086597,3351,payment,ILS,Cuban Peso,897
30,Dwight,Pfeffer,Elijah Klein,Investor Quality Director,Transexual Female,Miss,IV,Regional Infrastructure Facilitator,Chief,Functionality,Strategist,https://s3.amazonaws.com/uifaces/faces/twitter/dutchnadia/128.jpg,Brannon65@yahoo.com,Krystina96@example.org,Estell_Schowalter68,#7b671d,7e:fa:03:67:bc:0b,polarised.spp,account_wyoming_virtual.mpeg,application/merge-patch+json,audio,jpg,text,hvp,/usr/local/bin,/boot/florida.cap,3.7.0,98351413,Savings Account,651554303,1309,deposit,GEL,Saudi Riyal,257
31,Brannon,Cormier,Jean Kris,Product Solutions Officer,Intersex man,Mr.,I,Human Accounts Coordinator,Central,Brand,Representative,https://s3.amazonaws.com/uifaces/faces/twitter/ky/128.jpg,Otho_Denesik@gmail.com,Cory88@example.org,Jimmy_Leannon82,#38321f,6f:c9:a7:98:4b:ec,primary_wyoming.ttf,kwanza_frozen.shtml,application/vnd.adobe.fxp,image,gif,x-shader,p7m,/home/user,/var/tmp/modular_sql.msh,4.2.2,13367175,Home Loan Account,714472584,2558,payment,HKD,Kina,544
32,Colby,Monahan,Grace Ward,Forward Group Planner,Cis Woman,Miss,IV,Direct Group Administrator,Chief,Mobility,Architect,https://s3.amazonaws.com/uifaces/faces/twitter/klefue/128.jpg,Natalie_Botsford27@gmail.com,Florida18@example.com,Kaitlin93,#5e3100,40:d2:6c:b4:10:0c,migration_indigo_spurs.nfo,forges_malaysia_bluetooth.mpg4,application/mac-binhex40,text,png,chemical,pfb,/private,/Applications/tuna.iges,3.3.8,73196915,Personal Loan Account,604254223,5988,payment,MRO,Ethiopian Birr,380
33,Gregg,Weber,Gwendolyn Carter,Dynamic Group Specialist,Female to male transsexual man,Miss,DDS,Forward Identity Architect,Investor,Assurance,Strategist,https://s3.amazonaws.com/uifaces/faces/twitter/uberschizo/128.jpg,Dashawn_Grady21@yahoo.com,Mercedes5@example.com,Clementina76,#2d3a27,31:bd:d0:93:b5:f3,strategy.ufd,content_self_enabling_dinar.mpeg,application/activemessage,audio,mp3,video,rgb,/mnt,/private/supervisor.rpss,6.9.2,77679605,Credit Card Account,986160077,0464,payment,CVE,Pound Sterling,473
34,Cooper,Gutkowski,Antoinette Yundt,Corporate Data Developer,MTF,Mr.,III,Dynamic Metrics Officer,Human,Assurance,Director,https://s3.amazonaws.com/uifaces/faces/twitter/vladimirdevic/128.jpg,Olen_Frami@gmail.com,Bernadette.Nitzsche@example.net,Angelita.Graham17,#370d54,f6:72:e0:f5:10:f1,beauty_generic.mar,engineer.gif,application/vnd.nokia.pcd+xml,text,gif,message,onetoc2,/opt/lib,/usr/bin/networked_bandwidth.xpl,9.5.3,45264095,Home Loan Account,140944068,7336,deposit,NPR,Ethiopian Birr,347
35,Ned,Kling,Charles Halvorson,Internal Response Architect,Pangender,Ms.,III,Lead Brand Consultant,Corporate,Directives,Administrator,https://s3.amazonaws.com/uifaces/faces/twitter/the_purplebunny/128.jpg,Summer_Reinger@hotmail.com,Kali_Fadel@example.com,Rose.Kertzmann81,#3e5f5e,28:0f:2d:4b:1b:34,mission_critical_group.fh4,calculating_division.gif,application/vnd.ms-xpsdocument,audio,gif,chemical,mar,/System,/usr/lib/faroe_ergonomic_transparent.mus,0.6.0,79702534,Personal Loan Account,479034885,6040,invoice,BND,Comoro Franc,350
36,Shea,Sporer,Sam Lueilwitz,Product Implementation Analyst,Intersex woman,Ms.,III,Product Implementation Facilitator,Human,Communications,Assistant,https://s3.amazonaws.com/uifaces/faces/twitter/vinciarts/128.jpg,Sharon65@yahoo.com,Eloise14@example.com,Alfonzo1,#442a70,94:1f:e1:d7:91:cb,auto_neutral_sports.pl,function.gif,application/vnd.openxmlformats-officedocument.presentationml.comments+xml,text,wav,chemical,gex,/bin,/var/spool/architect.dmg,4.1.6,17195892,Investment Account,044709503,8165,withdrawal,JMD,Cayman Islands Dollar,286
37,Karianne,Predovic,Beverly Borer,Investor Web Producer,Man,Mrs.,II,District Identity Administrator,Principal,Applications,Associate,https://s3.amazonaws.com/uifaces/faces/twitter/nwdsha/128.jpg,Joanne.Rogahn@gmail.com,Pinkie_Larson67@example.org,Jaren_Nikolaus57,#697b4c,e7:ef:47:6a:bc:b1,value_added.jpgm,cambridgeshire_calculating_usb.mpe,application/vnd.innopath.wamp.notification,application,png,video,p7s,/usr/sbin,/selinux/chief_innovate_paradigms.scs,0.1.3,31697978,Money Market Account,302904927,1165,deposit,EUR,Somoni,253
38,Ivah,Gleichner,Doris Greenholt,International Program Technician,Trans Person,Mrs.,V,Direct Web Associate,Product,Research,Coordinator,https://s3.amazonaws.com/uifaces/faces/twitter/adityasutomo/128.jpg,Jo.Murray63@yahoo.com,Kolby.Daniel@example.org,Dallin_Krajcik,#2d7861,20:04:f2:e4:d8:32,puerto_steel.qwt,refined_ergonomic.png,video/smpte292m,text,mp2a,text,psf,/usr/share,/var/log/concrete_disintermediate.aif,1.2.3,60045339,Savings Account,649344910,7266,withdrawal,SZL,Hryvnia,230
39,Tia,Gislason,Howard Von,Dynamic Infrastructure Designer,Non-binary,Ms.,I,Forward Division Engineer,Dynamic,Markets,Planner,https://s3.amazonaws.com/uifaces/faces/twitter/eduardostuart/128.jpg,Moshe66@hotmail.com,Aliya_Koch@example.org,Adelbert_Lindgren60,#803a16,18:41:33:db:b7:03,24_365.jlt,principal_olive.mp3,application/vnd.epson.esf,application,gif,font,mid,/Applications,/srv/mexico_market_utilize.vst,5.0.7,62377341,Money Market Account,984068359,7243,invoice,IDR,Chilean Peso,827
40,Marty,Kertzmann,May Von V,Future Security Engineer,Androgynous,Dr.,Sr.,District Operations Engineer,Regional,Factors,Designer,https://s3.amazonaws.com/uifaces/faces/twitter/_shahedk/128.jpg,Trent84@gmail.com,Althea.Blanda38@example.com,Jules_Daniel,#5c1218,03:e6:fd:ff:55:06,granular_sleek_interactions.mpt,killer.png,application/pgp-encrypted,application,mpg4,text,efif,/net,/opt/borders_calculate_agent.aac,1.1.3,59543163,Personal Loan Account,497323549,6967,deposit,EEK,Russian Ruble,928
41,Reyna,Gerlach,Leah Block Sr.,Forward Infrastructure Facilitator,T* woman,Mr.,MD,Central Data Architect,Central,Branding,Liaison,https://s3.amazonaws.com/uifaces/faces/twitter/xadhix/128.jpg,Wilford24@hotmail.com,Myra25@example.com,Rene_Bernhard,#0b0e13,95:ae:2b:a2:e6:79,haptic.sm,street_mesh_rustic.mp4,application/vnd.mediastation.cdkey,audio,png,text,pkipath,/usr/ports,/var/tmp/protocol_yellow_input.ttl,4.8.0,28145918,Auto Loan Account,387150356,4441,deposit,SYP,Tala,886
42,Juvenal,Moore,Roy Bode,Global Accounts Representative,Two-spirit person,Mr.,PhD,Direct Accounts Manager,Dynamic,Response,Representative,https://s3.amazonaws.com/uifaces/faces/twitter/mighty55/128.jpg,Bernard_Mitchell79@gmail.com,Kaelyn_Hoeger@example.net,Kaylie48,#3f5a72,9a:d7:55:f3:e2:40,compressing.grv,haven.pdf,application/vnd.openeye.oeb,image,gif,image,bdf,/bin,/usr/libdata/steel_applications.iso,4.5.8,46691470,Home Loan Account,491013062,4194,withdrawal,RUB,CFA Franc BCEAO,356
43,Wilmer,Stracke,Lynda Berge,Senior Usability Administrator,Cisgender,Mr.,MD,Regional Intranet Specialist,Customer,Accountability,Liaison,https://s3.amazonaws.com/uifaces/faces/twitter/jay_wilburn/128.jpg,Ross.Ratke@gmail.com,Carmine34@example.com,Antonina31,#215202,bb:31:09:6d:d3:e5,islands.cpio,operations.mp2,application/tamp-error,video,mp4v,multipart,odm,/usr/lib,/sys/dirham.ra,9.7.8,52741894,Checking Account,593645532,3899,payment,JMD,Dobra,883
44,Leann,Graham,Donna Lubowitz,National Usability Representative,Genderqueer,Mr.,DVM,Lead Markets Officer,District,Accounts,Assistant,https://s3.amazonaws.com/uifaces/faces/twitter/donjain/128.jpg,Lynn61@hotmail.com,Cleve.Sipes85@example.org,Webster_Auer,#3c4812,3a:28:ca:3c:ac:8e,bleeding_edge.pdb,metal.pdf,application/vnd.kde.karbon,image,wav,message,esa,/private/tmp,/boot/pre_emptive_payment_island.woff,2.3.2,98492931,Auto Loan Account,665705339,7616,invoice,THB,Guyana Dollar,962
45,Alicia,Farrell,Neil Leannon,Forward Markets Executive,Androgynes,Miss,II,Senior Functionality Producer,Central,Interactions,Planner,https://s3.amazonaws.com/uifaces/faces/twitter/superoutman/128.jpg,Carleton_Johnston14@yahoo.com,Justine_Gutmann@example.com,Hector76,#336f28,ad:12:54:dc:10:e1,buckinghamshire.mks,mexico.png,application/vnd.smaf,image,mp4v,chemical,tra,/boot/defaults,/var/tmp/cheese_generic.run,9.9.4,56320756,Checking Account,946467859,3677,invoice,GEL,Cedi,022
46,Jazmin,Collins,Elijah Larkin,Internal Brand Orchestrator,Two* person,Mr.,Sr.,District Security Consultant,Principal,Marketing,Supervisor,https://s3.amazonaws.com/uifaces/faces/twitter/michaelcomiskey/128.jpg,Ibrahim_Metz@gmail.com,Haylie34@example.net,Kelsi_Hagenes,#35714e,78:fc:a3:70:2b:0e,republic.xwd,green.htm,video/vnd.directv.mpeg-tts,text,wav,video,mpn,/var/yp,/mnt/web_enabled.qxl,9.6.7,84928290,Auto Loan Account,380152733,8416,deposit,XOF,Czech Koruna,397
47,Winnifred,Greenfelder,Mrs. Derrick Goyette,Lead Mobility Assistant,Gender Questioning,Dr.,DVM,District Metrics Analyst,International,Research,Facilitator,https://s3.amazonaws.com/uifaces/faces/twitter/safrankov/128.jpg,Vena.Champlin@gmail.com,Hector_Oberbrunner@example.net,Gretchen.Waelchi35,#326222,7f:e6:81:91:50:1b,hack_taka.kwd,fantastic.mpg,application/dii,text,jpg,chemical,mag,/usr/src,/srv/technologies_redefine.xul,2.0.8,65400589,Credit Card Account,635947208,8221,invoice,EUR,Cedi,163
48,Drake,Weissnat,Caleb King,Customer Usability Planner,Cis,Miss,Jr.,Chief Identity Engineer,Direct,Optimization,Assistant,https://s3.amazonaws.com/uifaces/faces/twitter/jervo/128.jpg,Emma89@gmail.com,Lea_Lehner81@example.com,Billie86,#757c3a,0a:06:c0:01:84:23,navigate_neural_backing.mpc,bedfordshire.shtml,image/x-portable-graymap,text,html,multipart,ei6,/etc/periodic,/usr/libexec/cloned_facilitator_monitored.fsc,3.2.5,20266371,Money Market Account,336433587,8037,deposit,MWK,Bulgarian Lev,403
49,Davion,Metz,Stella Graham,Principal Quality Director,Trans Female,Mr.,IV,Customer Assurance Orchestrator,Future,Functionality,Strategist,https://s3.amazonaws.com/uifaces/faces/twitter/codepoet_ru/128.jpg,Favian_Herzog92@yahoo.com,Dasia.Grimes@example.org,Breanne34,#1a2a15,57:48:f2:be:b6:18,borders_bluetooth.ipfix,real_time.wav,application/vnd.zul,text,mpeg,image,cxx,/private,/home/user/dir/emulation_value_added.mlp,1.4.4,64410989,Money Market Account,730093206,1652,deposit,SAR,Azerbaijanian Manat,312
50,Peyton,Ankunding,Opal Schuppe,Dynamic Data Developer,Two-spirit person,Mrs.,MD,Legacy Markets Executive,Chief,Solutions,Assistant,https://s3.amazonaws.com/uifaces/faces/twitter/chandlervdw/128.jpg,Jonathon0@yahoo.com,Brandt96@example.com,Garrison69,#417d0e,5d:45:b0:48:cd:3a,rich.shf,course_card_table.png,application/json-seq,text,mp4v,multipart,latex,/lib,/etc/periodic/hacking.uvi,1.2.4,05970018,Money Market Account,117441028,5066,deposit,BYR,Sri Lanka Rupee,077
51,Ava,Conroy,Marjorie Kohler,Regional Paradigm Designer,M2F,Ms.,PhD,Central Directives Strategist,Legacy,Response,Director,https://s3.amazonaws.com/uifaces/faces/twitter/jeremery/128.jpg,Arlie_Hermiston@hotmail.com,Maudie_Collier@example.org,Kyleigh_Boyer20,#6a6e3b,aa:49:c6:4f:28:0d,generate_bifurcated_small.wgt,bypass_niches_delaware.mpg4,application/cdfx+xml,audio,gif,chemical,bz,/etc/ppp,/sys/reboot_http_rubber.cmx,6.1.9,40935845,Savings Account,502442441,0412,withdrawal,IRR,Chilean Peso,565
52,Terence,Bahringer,Ms. Paul MacGyver,Legacy Program Orchestrator,Trans Female,Miss,Sr.,Global Web Liaison,Human,Markets,Liaison,https://s3.amazonaws.com/uifaces/faces/twitter/konus/128.jpg,Allan_MacGyver@hotmail.com,Arthur54@example.com,Dolly_Reichel40,#344f29,fe:8e:22:ba:ce:29,cambridgeshire_program_productize.mobi,real.mpg4,application/vnd.openxmlformats-officedocument.vmldrawing,video,wav,text,dvb,/usr/local/src,/usr/sbin/turn_key_garden_tactics.wbs,1.5.3,74379468,Money Market Account,632418413,8823,invoice,SHP,Lilangeni,567
53,Hilario,Barrows,Marvin Zemlak,Dynamic Usability Associate,Non-binary,Mrs.,III,Lead Metrics Assistant,Product,Assurance,Agent,https://s3.amazonaws.com/uifaces/faces/twitter/al_li/128.jpg,Marcel_Gibson72@gmail.com,Reinhold.Harvey@example.com,Irma.Boehm,#294b19,4c:7f:0c:0c:46:a9,representative.susp,tools_tertiary_panel.pdf,application/vnd.mobius.msl,video,mp3,video,ods,/etc/periodic,/lost+found/keyboard_seamless_bedfordshire.gam,3.5.4,96283129,Money Market Account,464070362,8691,deposit,ZMK,Kenyan Shilling,546
54,Laisha,Greenfelder,Noah Goldner,Dynamic Usability Agent,Neutrois,Miss,Sr.,Global Configuration Facilitator,Senior,Markets,Engineer,https://s3.amazonaws.com/uifaces/faces/twitter/vigobronx/128.jpg,Donna.Hilll89@yahoo.com,Viola_Bartoletti@example.net,Sebastian_Nitzsche25,#175e45,1a:f9:df:ba:95:72,recontextualize.cfs,iowa.gif,application/pkixcmp,video,mpga,application,hlp,/opt/sbin,/Network/berkshire_new_wooden.p7s,6.2.0,08408118,Checking Account,310067267,8644,invoice,LYD,Bulgarian Lev,144
55,Tyree,Mueller,Erick Simonis Jr.,Legacy Mobility Engineer,Cis Female,Mr.,V,Future Response Strategist,Corporate,Data,Orchestrator,https://s3.amazonaws.com/uifaces/faces/twitter/doronmalki/128.jpg,Estell_Ortiz68@hotmail.com,Allan_Abshire@example.com,Mandy_Thompson12,#4f6b7f,2e:6f:eb:48:bd:0a,frozen.fgd,wooden.mp3,application/vnd.etsi.iptvprofile+xml,application,wav,video,adp,/usr/sbin,/proc/rubber_rubber.edx,6.8.4,61627900,Checking Account,652153321,6093,deposit,CVE,Somali Shilling,604
56,Hellen,Lind,Constance Bernhard,Direct Operations Representative,Man,Mrs.,I,Principal Paradigm Designer,Human,Metrics,Specialist,https://s3.amazonaws.com/uifaces/faces/twitter/isnifer/128.jpg,Brandt_Watsica@gmail.com,Brooke.Schumm@example.org,Monserrat.Homenick,#7a2e54,a3:f5:11:49:03:84,senior_focused.ra,loan.mp4,application/vnd.ms-powerpoint.slideshow.macroenabled.12,video,shtml,video,cdbcmsg,/bin,/Network/fault_tolerant_auto.nb,5.6.0,11724639,Auto Loan Account,727450522,5900,invoice,CVE,Cedi,232
57,Stephon,Ortiz,Myrtle Fadel,Chief Metrics Producer,Female to male transgender man,Ms.,IV,Direct Infrastructure Executive,Senior,Directives,Supervisor,https://s3.amazonaws.com/uifaces/faces/twitter/omnizya/128.jpg,Jazlyn92@hotmail.com,Lurline_Rippin@example.net,Trey37,#693c40,f8:59:27:d3:23:b7,danish_oro_synthesizing.exe,borders_anguilla.m2a,application/vnd.etsi.iptvsad-cod+xml,audio,jpg,application,lrm,/private,/srv/future_solutions_grenada.sv4cpio,4.3.4,38129486,Checking Account,058429646,2412,withdrawal,AWG,Uganda Shilling,480
58,Tyra,Romaguera,Timmy Kutch,Forward Web Analyst,Cis Female,Mr.,IV,Direct Accountability Technician,National,Mobility,Associate,https://s3.amazonaws.com/uifaces/faces/twitter/geshan/128.jpg,Greg_Marvin86@gmail.com,Darlene.Konopelski@example.org,Shane.Tromp,#797d6d,85:df:5f:29:7b:88,cyan.zaz,soap_practical.jpeg,application/vnd.apache.thrift.compact,video,jpg,text,msi,/boot,/usr/libexec/designer.cgm,8.7.0,80183523,Auto Loan Account,630931921,0431,payment,HNL,Jamaican Dollar,456
59,Evelyn,Weber,Clinton Bayer,Internal Usability Orchestrator,Trans*Person,Dr.,Jr.,Lead Research Planner,Chief,Functionality,Representative,https://s3.amazonaws.com/uifaces/faces/twitter/deviljho_/128.jpg,Ephraim.Cassin@gmail.com,Justen.Schulist13@example.com,Jessyca91,#38384d,dd:b9:bd:40:90:2f,optical_avon.musicxml,adp_fault_tolerant_security.htm,image/x-3ds,video,wav,font,ics,/opt/include,/etc/ppp/teal_barbados_internal.rld,7.2.4,45674659,Personal Loan Account,314736264,1802,payment,SYP,Lesotho Loti,568
60,Bethel,Schmeler,Joanne Schuster,National Paradigm Supervisor,Female to male trans man,Mr.,IV,Investor Paradigm Engineer,Forward,Applications,Designer,https://s3.amazonaws.com/uifaces/faces/twitter/rpeezy/128.jpg,Emilia83@hotmail.com,Antwan30@example.org,Ali.Rohan,#2b7037,1e:5e:a8:96:bc:e9,jamaican_human.pcx,bedfordshire_forint.mpg,application/vnd.msign,image,mp2a,audio,srx,/private/var,/opt/include/leading_blue.sm,9.8.3,41395761,Investment Account,624194774,2068,withdrawal,YER,Tunisian Dinar,311
61,Anderson,Parker,Nicole Reichel,Chief Applications Designer,Two-spirit person,Mrs.,IV,Dynamic Research Coordinator,Future,Directives,Administrator,https://s3.amazonaws.com/uifaces/faces/twitter/mastermindesign/128.jpg,Hanna.Lubowitz@gmail.com,Osbaldo.Hilpert22@example.com,Nina.Goodwin83,#186748,45:b2:7a:98:81:a5,sas_withdrawal.uvg,virtual.jpeg,application/vnd.ruckus.download,application,wav,x-shader,dtb,/opt/share,/opt/include/high_level.exe,5.0.7,61027474,Investment Account,864924924,8155,deposit,VUV,Zimbabwe Dollar,006
62,Kassandra,Jerde,Stacy Littel,Product Accountability Representative,Transgender Person,Mr.,DVM,Human Program Executive,Chief,Markets,Developer,https://s3.amazonaws.com/uifaces/faces/twitter/carlyson/128.jpg,Danika41@gmail.com,Shayne_Wunsch@example.net,Nakia.Rohan37,#222623,ff:c3:9f:17:d8:f6,health_hardware.mpy,jewelery.mpga,application/vnd.hp-hpgl,text,html,chemical,wri,/srv,/sbin/synergistic.xdssc,4.2.4,62575393,Personal Loan Account,409406221,8930,deposit,KYD,Tunisian Dinar,539
63,Aric,Rutherford,Alicia Kub,Direct Quality Orchestrator,Trans*Person,Ms.,Jr.,Corporate Implementation Executive,Regional,Operations,Executive,https://s3.amazonaws.com/uifaces/faces/twitter/amywebbb/128.jpg,Alberto_Bartell@hotmail.com,Isabella.Littel@example.net,Emmy10,#3a313a,0b:e7:7a:9b:0b:5c,hdd_xss.man,gorgeous_navigating.pdf,application/vnd.ims.lti.v2.toolproxy+json,audio,m2v,multipart,cct,/opt,/home/applications_rustic_primary.avi,3.9.2,90582002,Money Market Account,279272177,4782,invoice,MYR,Zloty,687
64,Jonas,Hagenes,Wade Grady IV,International Communications Engineer,Intersex man,Ms.,I,Senior Identity Supervisor,Dynamic,Solutions,Planner,https://s3.amazonaws.com/uifaces/faces/twitter/spbroma/128.jpg,Clark_Goldner95@hotmail.com,Camylle98@example.com,Jeanne_Torphy,#4c4a02,f8:91:cb:89:c7:50,licensed_technologies.mvb,account.mpg4,application/vnd.openxmlformats-officedocument.presentationml.notesslide+xml,video,png,font,stk,/selinux,/usr/libexec/quantifying.dtd,9.3.7,65241079,Checking Account,496087789,9691,deposit,BDT,Falkland Islands Pound,390
65,Arvilla,Hodkiewicz,Miss Jeanette Wuckert,Customer Brand Agent,Woman,Dr.,DDS,Dynamic Data Analyst,Dynamic,Solutions,Assistant,https://s3.amazonaws.com/uifaces/faces/twitter/ruehldesign/128.jpg,Stuart.MacGyver57@yahoo.com,Lucinda95@example.org,Litzy.Herman82,#651203,df:fb:8f:87:6e:cf,cotton_e_markets_programmable.flac,configuration_small_adapter.mpeg,application/vnd.radisys.msml-dialog-speech+xml,audio,wav,multipart,hbci,/media,/usr/share/salad_keyboard_markets.see,8.2.2,00683141,Savings Account,633691378,1473,withdrawal,XDR,Nuevo Sol,813
66,Matteo,Jaskolski,Rita McLaughlin,Dynamic Brand Orchestrator,Trans Person,Mr.,DDS,Customer Branding Associate,Forward,Group,Producer,https://s3.amazonaws.com/uifaces/faces/twitter/borges_marcos/128.jpg,Alysha.Zboncak@yahoo.com,Octavia_Wolf@example.net,Louvenia_Kemmer,#791480,8e:45:fc:78:1d:58,reduced_metal.wpl,transmit.shtml,application/vnd.nokia.radio-presets,text,mp2,message,s3m,/etc/defaults,/rescue/branding_savings.uvv,4.4.9,81735586,Home Loan Account,919166734,0392,withdrawal,AOA,Euro,873
67,Tobin,Shields,Wesley Hackett,Forward Identity Producer,Pangender,Mrs.,V,Lead Applications Liaison,Human,Response,Technician,https://s3.amazonaws.com/uifaces/faces/twitter/craighenneberry/128.jpg,Demario.Pouros55@hotmail.com,Bill_Bins@example.com,Adah_Breitenberg,#32764c,9b:95:04:75:ba:a2,bedfordshire.yaml,primary.jpeg,application/mads+xml,application,m1v,chemical,shf,/var/tmp,/opt/product_payment_soft.ods,4.9.1,68381110,Credit Card Account,246176125,3502,payment,KZT,Zloty,401
68,Leopold,Walter,Dwayne Turcotte,Product Infrastructure Consultant,Androgynes,Ms.,I,Principal Implementation Analyst,Global,Operations,Director,https://s3.amazonaws.com/uifaces/faces/twitter/allthingssmitty/128.jpg,Syble62@hotmail.com,Nya_Runolfsson@example.net,Theron.Veum8,#265533,11:2b:03:63:e8:64,enable_parsing.ktx,djibouti_azure_auxiliary.html,application/smpte336m,application,mp4,model,dra,/usr/lib,/home/principal.dfac,4.2.9,81446840,Money Market Account,135006034,0135,invoice,BWP,Burundi Franc,689
69,Charlie,Graham,Dr. Paul McKenzie,Direct Mobility Executive,Intersex woman,Ms.,DVM,Customer Tactics Developer,Principal,Research,Consultant,https://s3.amazonaws.com/uifaces/faces/twitter/embrcecreations/128.jpg,Sofia72@yahoo.com,Allene43@example.net,Miguel25,#290b4c,43:f9:9e:77:c0:1f,directives_coordinator_dalasi.tga,up_outdoors.m1v,video/vnd.sealedmedia.softseal.mov,audio,html,image,sse,/private,/proc/gloves_jersey_account.ntf,0.4.1,87227948,Money Market Account,485535530,1066,invoice,GTQ,Leone,193
70,Retta,Grant,Edmund Dach,Regional Mobility Architect,FTM,Ms.,DVM,Forward Configuration Associate,Regional,Markets,Strategist,https://s3.amazonaws.com/uifaces/faces/twitter/marshallchen_/128.jpg,Christian_Maggio@hotmail.com,Ayana98@example.com,Marlene0,#1a1d00,21:94:87:4d:1a:ac,fish.zmm,benchmark_account_data.png,video/h263-2000,video,wav,video,aas,/Network,/Library/netherlands_rustic_program.xpr,7.9.6,21198307,Home Loan Account,148655582,8949,payment,UGX,Libyan Dinar,624
71,Clarissa,Schiller,Jay Sauer,Direct Accountability Coordinator,Male to Female,Mr.,III,Dynamic Implementation Liaison,Future,Usability,Coordinator,https://s3.amazonaws.com/uifaces/faces/twitter/posterjob/128.jpg,Novella.Paucek5@hotmail.com,Joannie.Mitchell@example.com,Mathias.Kuphal80,#6c5179,ff:37:6a:89:8e:b8,ferry.cmc,rustic_home_central.mp4v,application/vnd.adobe.xdp+xml,text,pdf,x-conference,gsf,/usr/bin,/sys/persistent_borders.rs,4.1.5,78781137,Money Market Account,768683905,5715,payment,MVR,Kroon,477
72,Jensen,Kuhlman,Leah Mosciski,Legacy Integration Manager,Trans*Woman,Dr.,I,Dynamic Metrics Designer,Customer,Factors,Orchestrator,https://s3.amazonaws.com/uifaces/faces/twitter/artvavs/128.jpg,Davion_Schinner@hotmail.com,Taylor26@example.com,Lisette.Kris,#571f38,f5:a0:ce:98:cb:b6,account.mpkg,hack_chips_gorgeous.gif,application/vnd.dvb.iptv.alfec-base,image,pdf,text,davmount,/sbin,/opt/sports.lha,1.8.3,88327026,Checking Account,444211222,5402,withdrawal,BBD,Cedi,300
73,Jazmyn,Prosacco,Gustavo Hodkiewicz,District Usability Strategist,Cisgender Woman,Miss,IV,Dynamic Usability Liaison,Customer,Paradigm,Planner,https://s3.amazonaws.com/uifaces/faces/twitter/enjoythetau/128.jpg,Junius.Will@hotmail.com,Tyshawn_Oberbrunner40@example.com,Eldridge_Lockman29,#340e3a,ea:bd:2d:58:b9:04,radial.org,ranch_function_based.gif,video/vnd.sealed.swf,audio,mp4v,application,ims,/usr/libexec,/etc/usb_electronics_fresh.wbmp,9.6.4,02864362,Personal Loan Account,622402471,1937,deposit,ERN,Guarani,062
74,Ilene,Hartmann,Jesse MacGyver,Human Research Facilitator,Transexual Man,Dr.,II,Direct Accountability Liaison,Forward,Configuration,Producer,https://s3.amazonaws.com/uifaces/faces/twitter/panghal0/128.jpg,Antonia.Rice42@gmail.com,Russ.Brakus@example.net,Marvin11,#2f7f76,80:21:cf:bd:e4:5d,group.silo,deposit_loan_innovative.pdf,text/raptorfec,video,pdf,chemical,iso,/boot/defaults,/private/var/liaison_cross_platform_instruction.pki,3.5.1,67016232,Home Loan Account,652362060,0535,payment,KRW,Namibia Dollar,015
75,Ismael,Howe,Alma Hickle,District Applications Specialist,Neither,Ms.,Jr.,Central Response Coordinator,Direct,Optimization,Producer,https://s3.amazonaws.com/uifaces/faces/twitter/illyzoren/128.jpg,Donna33@gmail.com,Elinor_Cormier@example.net,Ally11,#307000,53:44:c3:9d:c1:6a,keyboard.ssf,dollar_engineer.pdf,application/vnd.etsi.simservs+xml,image,jpe,font,jisp,/etc/periodic,/usr/share/concrete_beauty.cod,2.5.2,31668677,Investment Account,626143341,1846,withdrawal,TZS,Rupiah,453
76,Dexter,Glover,Winston Cronin,Human Configuration Representative,Cisgender Woman,Dr.,III,Customer Division Director,Senior,Functionality,Planner,https://s3.amazonaws.com/uifaces/faces/twitter/nasirwd/128.jpg,Monserrat12@gmail.com,Kayden24@example.com,Virgil_Adams,#1b1776,1d:2e:c4:9c:49:2f,b2c_value_added.pls,value_added_cotton_redefine.jpe,text/yaml,application,m3a,text,xsl,/srv,/etc/defaults/borders_indigo_junction.djv,1.2.3,84752097,Savings Account,454705184,2888,deposit,BWP,Ethiopian Birr,670
77,Donnell,Waters,Guy Greenholt,Global Optimization Officer,T* man,Mr.,IV,Dynamic Accountability Engineer,Senior,Infrastructure,Consultant,https://s3.amazonaws.com/uifaces/faces/twitter/benefritz/128.jpg,Brooklyn14@yahoo.com,Stanley58@example.org,Rita2,#205726,a7:de:d9:3b:13:81,shirt_dominican.clkk,chief_coves_application.mp4,application/vnd.sun.xml.impress,text,jpe,x-conference,ei6,/sbin,/etc/defaults/deposit_harness.clkp,3.9.8,94780872,Auto Loan Account,695052638,4816,invoice,WST,Palladium,092
78,Sherman,Barton,Dominick Rau,Human Creative Designer,Intersex,Dr.,II,Lead Operations Consultant,Senior,Brand,Facilitator,https://s3.amazonaws.com/uifaces/faces/twitter/shaneIxD/128.jpg,Oral71@yahoo.com,Kennedy.Fisher79@example.net,Donnie.Lind,#4a6707,2e:f9:9e:ac:7d:03,chair_legacy.ai,polarised.mp2a,application/vnd.verimatrix.vcas,text,shtml,chemical,nlu,/bin,/selinux/cheese_technician.ai,1.4.1,94561410,Savings Account,735636244,4430,deposit,GEL,Mexican Peso,284
79,Jimmy,Wiegand,Edward Cummerata,Forward Marketing Director,Androgynes,Mrs.,DDS,National Creative Producer,Human,Operations,Supervisor,https://s3.amazonaws.com/uifaces/faces/twitter/aaroni/128.jpg,Flavie.Streich@gmail.com,Bessie45@example.com,Aaron.McKenzie44,#68613e,f8:d7:8e:5c:3b:8f,dakota_compress.tr,sql_neural.mp4,application/x-perl,image,png,multipart,xdf,/etc/namedb,/usr/ports/checking_california_puerto.npx,6.2.9,99220596,Personal Loan Account,899085838,4542,withdrawal,DJF,Netherlands Antillian Guilder,227
80,Millie,O'Connell,Violet Windler,Customer Quality Analyst,Female to male transgender man,Ms.,IV,District Response Representative,Direct,Integration,Consultant,https://s3.amazonaws.com/uifaces/faces/twitter/terrorpixel/128.jpg,Tito_Boyle@yahoo.com,Miguel_Corkery93@example.net,Gerard.Erdman98,#1c0143,f6:fe:c9:a3:b8:ed,health_payment_port.rq,pennsylvania_generate_supply_chains.html,video/mp4,audio,htm,image,ftc,/boot,/root/jbod_switchable.dsc,9.6.4,07590910,Credit Card Account,377326352,8730,payment,BND,US Dollar,451
81,Aiden,Bergnaum,Tyrone Reichel,Internal Division Technician,Transexual Female,Miss,II,Internal Security Officer,Legacy,Solutions,Developer,https://s3.amazonaws.com/uifaces/faces/twitter/mtolokonnikov/128.jpg,Evans.Gorczany@hotmail.com,Catalina89@example.org,Alycia64,#424e22,bc:6d:d7:e0:d9:7c,tcp.wdp,checking.pdf,video/h261,audio,gif,multipart,xml,/Network,/etc/adp_accountability_scsi.com,8.2.0,29259747,Checking Account,493038100,8241,withdrawal,CHF,Bulgarian Lev,281
82,Rudy,Bergstrom,Darrel Smith,Regional Solutions Engineer,Cisgender Woman,Dr.,I,Legacy Mobility Strategist,Corporate,Metrics,Representative,https://s3.amazonaws.com/uifaces/faces/twitter/lu4sh1i/128.jpg,Hattie49@gmail.com,Cristian_Kuhic51@example.com,Bianka_Little35,#0e0c24,f2:f7:37:7e:90:32,plain_metal_bedfordshire.ipk,facilitate.html,application/vnd.motorola.flexsuite,audio,htm,x-conference,efif,/usr/lib,/etc/chicken.pas,4.2.5,35409002,Investment Account,661230934,6769,invoice,ALL,Sudanese Pound,220
83,Gabriella,Doyle,Jodi Pfannerstill,Principal Quality Coordinator,Other,Mr.,DDS,Principal Brand Assistant,Global,Brand,Supervisor,https://s3.amazonaws.com/uifaces/faces/twitter/xadhix/128.jpg,Delmer.Swaniawski99@hotmail.com,Brenda_Zieme@example.org,Hassie64,#6b4937,ab:d1:1a:13:9a:3b,borders_lime_reciprocal.afp,methodical.wav,application/vnd.xmi+xml,video,mpe,model,lasxml,/private/tmp,/private/tmp/international_handcrafted_metal.cif,6.2.6,97023230,Auto Loan Account,360892741,4182,deposit,AMD,Somoni,383
84,Sandy,Jenkins,Sharon Haley,Regional Interactions Associate,F2M,Miss,MD,International Operations Specialist,Regional,Web,Designer,https://s3.amazonaws.com/uifaces/faces/twitter/mugukamil/128.jpg,Rodrick.Morar@gmail.com,Madelyn_Kub@example.com,Dejuan.Braun35,#3e7916,96:21:de:98:76:3d,persevering_port.conf,invoice.jpe,application/vnd.fdsn.mseed,audio,png,chemical,gramps,/sbin,/lost+found/withdrawal.qxt,2.9.9,56692537,Auto Loan Account,005718708,8585,invoice,GNF,Yen,240
85,Devyn,Kihn,Kellie Stoltenberg,Forward Security Manager,Female to Male,Miss,IV,National Accountability Designer,Human,Branding,Engineer,https://s3.amazonaws.com/uifaces/faces/twitter/denisepires/128.jpg,Melissa_Feil99@yahoo.com,Rupert.Herzog@example.com,Felipa.Walter,#411e67,09:01:92:15:e5:93,developer.boz,account_fuchsia.png,application/smil,video,gif,chemical,mets,/private/tmp,/mnt/tactics_buckinghamshire_violet.dot,9.3.4,25116511,Investment Account,370149659,1436,withdrawal,PKR,Canadian Dollar,182
86,Stefan,Bode,Tracey Predovic,Dynamic Tactics Manager,M2F,Ms.,III,Product Group Agent,Global,Division,Coordinator,https://s3.amazonaws.com/uifaces/faces/twitter/ovall/128.jpg,Susana43@gmail.com,Enoch13@example.org,Nicklaus80,#006679,4a:9d:86:d4:05:38,borders.clp,bedfordshire.mp4v,application/vnd.syncml.dmddf+xml,audio,mp2,video,ksp,/home/user/dir,/usr/bin/user_centric_secondary.mj2,1.7.1,49131060,Checking Account,914435978,4856,withdrawal,USD,Liberian Dollar,360
87,Torrance,Weimann,Caleb Lockman,International Integration Director,Cisgender Man,Miss,DDS,International Communications Officer,Customer,Division,Agent,https://s3.amazonaws.com/uifaces/faces/twitter/AlbertoCococi/128.jpg,Johnpaul78@hotmail.com,Julia.Hegmann46@example.org,Oda.Donnelly65,#772f3b,4c:f0:5b:2c:d6:0e,interface.mml,mobility_interactive_streamlined.jpg,application/vnd.mobius.txf,application,mpg4,multipart,cdmia,/rescue,/tmp/berkshire_out_of_the_box.sxg,6.8.2,03839713,Credit Card Account,883408528,4237,invoice,AFN,Nuevo Sol,893
88,Josianne,Reinger,Brooke Stiedemann Jr.,Investor Security Officer,Bigender,Dr.,PhD,Regional Solutions Coordinator,Lead,Optimization,Consultant,https://s3.amazonaws.com/uifaces/faces/twitter/loganjlambert/128.jpg,Dashawn_Osinski50@gmail.com,Nona.Moen@example.net,Winston10,#0f525b,0f:b0:40:d4:52:21,productivity_communications_gorgeous.spc,books.png,application/vnd.oma.push,text,mp2a,chemical,msh,/sys,/usr/X11R6/director_synthesizing_hack.wmv,0.5.7,27276146,Savings Account,534250384,5101,deposit,ETB,Zambian Kwacha,390
89,Daniella,McGlynn,Jaime Grant,District Quality Planner,Transexual Male,Mrs.,I,National Usability Manager,Central,Group,Strategist,https://s3.amazonaws.com/uifaces/faces/twitter/alevizio/128.jpg,Ahmad24@yahoo.com,Freddie.Breitenberg@example.net,Minnie60,#230656,d0:aa:f9:f4:2b:ec,networks_operations.z3,sleek.wav,model/x3d+fastinfoset,audio,mpeg,image,mjp2,/home,/etc/ppp/iowa_rubber_rubber.wav,2.7.3,20026732,Credit Card Account,334629872,3943,deposit,KWD,Yemeni Rial,536
90,Brenna,Leannon,Douglas Murray,Dynamic Program Representative,Trans*Male,Ms.,DVM,Customer Creative Coordinator,International,Security,Representative,https://s3.amazonaws.com/uifaces/faces/twitter/amayvs/128.jpg,Jerald.Herzog@hotmail.com,Kieran.Torphy@example.net,Mckenna.Witting46,#094b5c,e0:38:4c:88:0c:51,client_server_mouse_dynamic.mmf,multi_channelled.html,video/vnd.ms-playready.media.pyv,image,m1v,application,ext,/sbin,/var/krona_metal.xlt,6.2.8,26060984,Investment Account,302111927,8493,withdrawal,RSD,Naira,025
91,Elliott,Mayer,Devin Collier,Lead Response Supervisor,Transexual Woman,Mrs.,IV,Senior Branding Director,Human,Accountability,Representative,https://s3.amazonaws.com/uifaces/faces/twitter/adellecharles/128.jpg,Ethelyn12@hotmail.com,Bartholome78@example.com,Edna95,#53505e,52:99:7c:3f:f5:54,pants_deposit.std,response_executive.mpe,application/vnd.sun.xml.impress.template,image,mp3,message,qxd,/usr/X11R6,/Users/wooden.htm,2.5.6,65902112,Investment Account,026810847,4562,invoice,BDT,Dalasi,677
92,Geo,Turner,Louis Torphy DDS,Human Web Administrator,Cis Woman,Mrs.,DVM,Customer Response Engineer,Human,Integration,Specialist,https://s3.amazonaws.com/uifaces/faces/twitter/richardgarretts/128.jpg,Efren_Daugherty73@gmail.com,Valentine.McClure@example.org,Mattie41,#7a735b,40:78:b2:8b:75:13,solid_hong.xif,mauritius.gif,application/vnd.lotus-1-2-3,text,wav,x-shader,listafp,/var/log,/tmp/withdrawal.pfx,6.1.5,96242233,Credit Card Account,829326936,9489,invoice,FJD,US Dollar,746
93,Boris,Parisian,Marta Feeney,International Mobility Designer,Transexual,Dr.,I,Direct Program Executive,Principal,Integration,Associate,https://s3.amazonaws.com/uifaces/faces/twitter/gt/128.jpg,Rebeca65@yahoo.com,Ila.Jerde81@example.com,Gage_Johnston,#300664,c2:d4:75:0b:0e:ff,rich.igs,http_albania_illinois.jpeg,message/cpim,text,mp4v,x-shader,fly,/usr/lib,/usr/local/bin/index_maroon.qxd,8.0.0,91695770,Savings Account,300809435,8755,invoice,MAD,Moldovan Leu,264
94,Daron,Herzog,Priscilla Kunde,Chief Functionality Specialist,T* woman,Ms.,I,Internal Marketing Developer,Customer,Mobility,Consultant,https://s3.amazonaws.com/uifaces/faces/twitter/kerihenare/128.jpg,Tyreek.Murphy@yahoo.com,Bertram.Walsh79@example.org,Nichole89,#297f12,da:e6:e8:b7:bd:d9,streamlined_peso.c,parsing_workforce_generic.pdf,model/vnd.vtu,text,png,x-conference,tga,/var/spool,/rescue/responsive_borders.docx,8.5.6,41726001,Home Loan Account,490039089,6079,deposit,PAB,Ouguiya,052
95,Raymundo,Kassulke,Kristina Labadie,Senior Integration Orchestrator,Agender,Mr.,MD,Regional Applications Technician,Corporate,Research,Consultant,https://s3.amazonaws.com/uifaces/faces/twitter/heycamtaylor/128.jpg,Dianna22@gmail.com,Zena.Dibbert70@example.org,Berneice53,#657d56,ec:66:a5:4f:01:6c,withdrawal_neural_next_generation.qps,(slovak_new.html,application/vnd.dolby.mobile.1,audio,m3a,chemical,sub,/usr/local/bin,/var/yp/sas.ez3,3.2.6,25396335,Checking Account,956329291,8075,invoice,CHF,Tugrik,665
96,Destany,Bergnaum,Leigh Kutch,Global Directives Officer,Intersex man,Ms.,Jr.,Human Quality Specialist,Customer,Optimization,Associate,https://s3.amazonaws.com/uifaces/faces/twitter/ilya_pestov/128.jpg,Annabel_Robel52@yahoo.com,Cheyenne.Waelchi46@example.net,Hilbert.Kris51,#334b3f,6b:6f:76:10:82:53,lempira_senior.fxpl,table.gif,application/cea,text,pdf,model,uvg,/var/log,/System/forint_channels_usb.pre,0.4.6,29809165,Credit Card Account,778348926,3671,deposit,CZK,Colombian Peso,055
97,Jason,Ondricka,Brenda Lemke,Legacy Marketing Technician,Female to male transgender man,Miss,II,Legacy Web Manager,District,Communications,Assistant,https://s3.amazonaws.com/uifaces/faces/twitter/panchajanyag/128.jpg,Talon.Abbott61@hotmail.com,Harmon.Tillman17@example.com,Myah_Heaney71,#2c345e,75:01:4a:51:e4:73,implement_withdrawal_blue.geo,navigating_account.m2a,application/ld+json,image,gif,multipart,psf,/etc/ppp,/srv/gorgeous_project_concrete.3gpp,3.7.3,25011561,Checking Account,001884911,8428,payment,XBC,Rial Omani,582
98,Reyna,Mraz,Ellis McLaughlin,Chief Infrastructure Coordinator,MTF,Mr.,DDS,District Directives Administrator,International,Communications,Orchestrator,https://s3.amazonaws.com/uifaces/faces/twitter/joaoedumedeiros/128.jpg,Davonte_Lynch@hotmail.com,Geoffrey87@example.com,Filomena21,#4b2d36,22:dc:70:7c:87:75,plum_mobile.mp3,vertical.wav,application/vnd.oma.scidm.messages+xml,audio,wav,text,lbe,/System,/Users/impactful.spot,5.6.9,93093969,Savings Account,016737590,9034,withdrawal,BDT,Lesotho Loti,057
99,Kimberly,Wunsch,Edwin Heaney,Customer Intranet Representative,Asexual,Mrs.,II,Customer Brand Assistant,Global,Branding,Liaison,https://s3.amazonaws.com/uifaces/faces/twitter/sharvin/128.jpg,Litzy94@yahoo.com,Macy44@example.net,Jamil.Powlowski,#3a557d,41:87:11:18:1d:47,overriding_json_mobile.msh,refined_bus_intelligent.wav,application/vnd.powerbuilder7-s,audio,png,chemical,z5,/opt/lib,/selinux/user_friendly.svgz,1.5.3,87277245,Home Loan Account,837828730,0290,deposit,PGK,Denar,474
100,Sylvan,Hirthe,Cecelia Christiansen,Global Program Supervisor,Trans Man,Ms.,Jr.,Dynamic Creative Producer,Future,Assurance,Liaison,https://s3.amazonaws.com/uifaces/faces/twitter/jervo/128.jpg,Alexandra67@gmail.com,Sophia66@example.net,Johnpaul.Von,#261d15,f6:78:6a:aa:89:16,maldives_strategist_sql.fig,capacitor_facilitator_wooden.html,application/vnd.cluetrust.cartomobile-config-pkg,video,jpg,image,twds,/private/tmp,/etc/envisioneer_licensed_officer.iso,9.9.6,09924681,Investment Account,628447634,6924,invoice,PLN,Yen,898